"da3579c","Administrator","2019-11-29 01:05:56 +0800","--l"
"ef48513","Administrator","2019-11-29 01:01:52 +0800","提交git日志文件"
"86a7047","Administrator","2019-11-29 01:01:43 +0800","--l"
"380a0e7","Administrator","2019-11-29 00:52:07 +0800","提交git日志文件"
"1df1420","Administrator","2019-11-29 00:51:58 +0800","--l"
"0d02803","Administrator","2019-11-29 00:44:45 +0800","提交git日志文件"
"128561b","Administrator","2019-11-29 00:44:38 +0800","--l"
"bac63b0","Administrator","2019-11-29 00:30:40 +0800","提交git日志文件"
"16a4572","Administrator","2019-11-29 00:29:38 +0800","--l"
"333c682","Administrator","2019-11-29 00:27:55 +0800","提交git日志文件"
"3d5bffa","Administrator","2019-11-29 00:27:46 +0800","--l"
"2560db0","Administrator","2019-11-29 00:23:47 +0800","提交git日志文件"
"49f9822","Administrator","2019-11-29 00:23:29 +0800","--p"
"63710ae","Administrator","2019-11-29 00:21:20 +0800","提交git日志文件"
"7a57784","Administrator","2019-11-29 00:21:01 +0800","--l"
"2cfd58e","Administrator","2019-11-29 00:17:43 +0800","提交git日志文件"
"85e526e","Administrator","2019-11-29 00:17:28 +0800","--b"
"381431b","Administrator","2019-11-29 00:17:07 +0800","--b"
"c23000b","Administrator","2019-11-29 00:12:29 +0800","提交git日志文件"
"1a56170","Administrator","2019-11-29 00:12:18 +0800","--l"
"e56d7d8","Administrator","2019-11-27 15:52:40 +0800","提交git日志文件"
"f95aa86","Administrator","2019-11-27 15:52:33 +0800","修复git.sh;尝试shell的传参语法"
"89ffe8f","Administrator","2019-11-27 15:51:04 +0800","提交git日志文件"
"7a0cfec","Administrator","2019-11-27 15:50:57 +0800","./git.sh"
"56d4f31","Administrator","2019-11-27 15:50:33 +0800","提交git日志文件"
"b1db186","Administrator","2019-11-27 15:50:25 +0800","./git.sh"
"d54b22c","Administrator","2019-11-27 15:49:06 +0800","提交git日志文件"
"7a60be4","Administrator","2019-11-27 15:48:55 +0800","./git.sh"
"3d74890","Administrator","2019-11-27 15:46:13 +0800","提交git日志文件"
"2a060dd","Administrator","2019-11-27 15:46:04 +0800","./git.sh"
"f0b2b1e","Administrator","2019-11-27 15:36:48 +0800","提交git日志文件"
"70e4cdf","Administrator","2019-11-27 15:36:39 +0800","commitContent"
"a8e05c6","Administrator","2019-11-27 15:25:46 +0800","commitContent"
"02a311d","Administrator","2019-11-26 14:09:11 +0800","导航栏优化;文档结构优化;新增文档内容"
"50506cd","Administrator","2019-11-14 12:13:15 +0800","Merge branch 'master' of https://github.com/yt46767/my-blog-vuepress"
"fa44a5a","Administrator","2019-11-14 12:05:28 +0800","增加文档"
"d0a58fd","杨涛","2019-11-09 15:30:53 +0800","Initial commit"